scope,map,n,algo,millis,expanded,pushes,peakOpen,extraBytes,cost,steps,optimalCost,valid
kinds,open,513,bfs,9.8818,263169,263169,513,2105352,1024,1024,1024,1
kinds,open,513,dijkstra,47.7256,263169,263169,513,3445773,1024,1024,1024,1
kinds,open,513,astar,1.2498,1025,2047,1023,3445773,1024,1024,1024,1
kinds,random,513,bfs,13.07,181518,181520,432,2105352,1024,1024,1024,1
kinds,random,513,dijkstra,33.488,181520,181522,432,3445773,1024,1024,1024,1
kinds,random,513,astar,2.283,5148,7639,2492,3519501,1024,1024,1024,1
kinds,maze,513,bfs,3.0458,53855,53857,17,2105352,21196,21196,21196,1
kinds,maze,513,dijkstra,8.41,53857,53859,17,3445773,21196,21196,21196,1
kinds,maze,513,astar,7.7808,53648,53655,20,3445773,21196,21196,21196,1
kinds,terrain,513,bfs,12.8828,263169,263169,513,2105352,5079,1024,2871,1
kinds,terrain,513,dijkstra,48.624,263165,263168,1024,3445773,2871,1032,2871,1
kinds,terrain,513,astar,58.457,263157,285645,1553,3470349,2871,1032,2871,1
kinds,city,513,bfs,9.9568,263169,263169,513,2105352,6464,1024,1130,1
kinds,city,513,dijkstra,57.2448,263169,263169,3093,3519501,1130,1024,1130,1
kinds,city,513,astar,99.9978,257702,272673,43051,4994061,1130,1024,1130,1
growth,open,65,bfs,0.1147,4225,4225,65,33800,128,128,128,1
growth,open,65,dijkstra,0.352,4225,4225,65,79501,128,128,128,1
growth,open,65,astar,0.02,129,255,127,79501,128,128,128,1
growth,open,129,bfs,0.4307,16641,16641,129,133128,256,256,256,1
growth,open,129,dijkstra,1.4117,16641,16641,129,240909,256,256,256,1
growth,open,129,astar,0.053,257,511,255,240909,256,256,256,1
growth,open,257,bfs,1.721,66049,66049,257,528392,512,512,512,1
growth,open,257,dijkstra,6.3557,66049,66049,257,883213,512,512,512,1
growth,open,257,astar,0.189,513,1023,511,883213,512,512,512,1
growth,open,513,bfs,9.203,263169,263169,513,2105352,1024,1024,1024,1
growth,open,513,dijkstra,37.9573,263169,263169,513,3445773,1024,1024,1024,1
growth,open,513,astar,1.473,1025,2047,1023,3445773,1024,1024,1024,1
growth,open,1025,bfs,66.0213,1050625,1050625,1025,8405000,2048,2048,2048,1
growth,open,1025,dijkstra,215.0243,1050625,1050625,1025,13707277,2048,2048,2048,1
growth,open,1025,astar,6.445,2049,4095,2047,13707277,2048,2048,2048,1
growth,open,2049,bfs,440.619,4198401,4198401,2049,33587208,4096,4096,4096,1
growth,open,2049,dijkstra,1152.2463,4198401,4198401,2049,54677517,4096,4096,4096,1
growth,open,2049,astar,43.4187,4097,8191,4095,54677517,4096,4096,4096,1
growth,random,65,bfs,0.1773,2866,2867,56,33800,130,130,130,1
growth,random,65,dijkstra,0.3523,2867,2868,54,79501,130,130,130,1
growth,random,65,astar,0.0547,318,497,180,79501,130,130,130,1
growth,random,129,bfs,0.6763,11409,11409,117,133128,258,258,258,1
growth,random,129,dijkstra,1.4803,11409,11409,117,240909,258,258,258,1
growth,random,129,astar,0.3827,1833,2612,765,240909,258,258,258,1
growth,random,257,bfs,2.7993,45499,45499,243,528392,518,518,518,1
growth,random,257,dijkstra,7.957,45499,45499,241,883213,518,518,518,1
growth,random,257,astar,2.905,11986,16038,3147,956941,518,518,518,1
growth,random,513,bfs,13.082,181518,181520,432,2105352,1024,1024,1024,1
growth,random,513,dijkstra,36.0183,181520,181522,432,3445773,1024,1024,1024,1
growth,random,513,astar,2.1713,5148,7639,2492,3519501,1024,1024,1024,1
growth,random,1025,bfs,55.9663,721921,721923,843,8405000,2054,2054,2054,1
growth,random,1025,dijkstra,145.0363,721923,721925,843,13682701,2054,2054,2054,1
growth,random,1025,astar,33.1257,92136,126573,27269,14444557,2054,2054,2054,1
growth,random,2049,bfs,295.585,2888235,2888235,1689,33587208,4100,4100,4100,1
growth,random,2049,dijkstra,730.8047,2888235,2888235,1688,54628365,4100,4100,4100,1
growth,random,2049,astar,98.954,174649,241417,56377,56152077,4100,4100,4100,1
growth,maze,65,bfs,0.0487,968,969,5,33800,588,588,588,1
growth,maze,65,dijkstra,0.0927,969,970,5,79501,588,588,588,1
growth,maze,65,astar,0.1037,904,907,7,79501,588,588,588,1
growth,maze,129,bfs,0.0973,1784,1785,7,133128,932,932,932,1
growth,maze,129,dijkstra,0.157,1785,1787,7,240909,932,932,932,1
growth,maze,129,astar,0.1933,1715,1718,9,240909,932,932,932,1
growth,maze,257,bfs,1.186,22818,22829,15,528392,8120,8120,8120,1
growth,maze,257,dijkstra,2.2893,22829,22841,16,883213,8120,8120,8120,1
growth,maze,257,astar,2.0997,21199,21210,16,883213,8120,8120,8120,1
growth,maze,513,bfs,3.4647,53855,53857,17,2105352,21196,21196,21196,1
growth,maze,513,dijkstra,8.8597,53857,53859,17,3445773,21196,21196,21196,1
growth,maze,513,astar,8.546,53648,53655,20,3445773,21196,21196,21196,1
growth,maze,1025,bfs,33.0573,362627,362633,31,8405000,105224,105224,105224,1
growth,maze,1025,dijkstra,62.0307,362633,362639,31,13682701,105224,105224,105224,1
growth,maze,1025,astar,67.5707,359334,359348,31,13682701,105224,105224,105224,1
growth,maze,2049,bfs,124.08,1203744,1203747,39,33587208,299528,299528,299528,1
growth,maze,2049,dijkstra,262.2323,1203747,1203750,40,54603789,299528,299528,299528,1
growth,maze,2049,astar,249.8013,1203233,1203237,39,54603789,299528,299528,299528,1
growth,terrain,65,bfs,0.128,4225,4225,65,33800,603,128,369,1
growth,terrain,65,dijkstra,0.572,4225,4225,129,79501,369,132,369,1
growth,terrain,65,astar,0.6917,4224,4569,178,79501,369,132,369,1
growth,terrain,129,bfs,0.4567,16641,16641,129,133128,1214,256,735,1
growth,terrain,129,dijkstra,2.3433,16636,16640,238,240909,735,256,735,1
growth,terrain,129,astar,2.888,16620,17949,346,240909,735,256,735,1
growth,terrain,257,bfs,3.0153,66049,66049,257,528392,2374,512,1431,1
growth,terrain,257,dijkstra,10.633,66046,66049,542,883213,1431,512,1431,1
growth,terrain,257,astar,12.8713,66042,71732,804,883213,1431,514,1431,1
growth,terrain,513,bfs,9.3857,263169,263169,513,2105352,5079,1024,2871,1
growth,terrain,513,dijkstra,48.669,263165,263168,1024,3445773,2871,1032,2871,1
growth,terrain,513,astar,67.916,263157,285645,1553,3470349,2871,1032,2871,1
growth,terrain,1025,bfs,62.579,1050625,1050625,1025,8405000,10096,2048,5807,1
growth,terrain,1025,dijkstra,206.241,1050624,1050625,2099,13756429,5807,2062,5807,1
growth,terrain,1025,astar,270.684,1050623,1139105,3153,13756429,5807,2066,5807,1
growth,terrain,2049,bfs,411.3137,4198401,4198401,2049,33587208,20215,4096,11446,1
growth,terrain,2049,dijkstra,1143.1443,4198401,4198401,4163,54775821,11446,4126,11446,1
growth,terrain,2049,astar,1298.6427,4198397,4555025,6190,54775821,11446,4132,11446,1
growth,city,65,bfs,0.1093,4225,4225,65,33800,808,128,234,1
growth,city,65,dijkstra,0.672,4225,4225,351,79501,234,128,234,1
growth,city,65,astar,0.6973,4022,4293,631,79501,234,128,234,1
growth,city,129,bfs,0.428,16641,16641,129,133128,1616,256,362,1
growth,city,129,dijkstra,2.6983,16641,16641,777,240909,362,256,362,1
growth,city,129,astar,3.178,15902,16953,2587,314637,362,256,362,1
growth,city,257,bfs,1.8937,66049,66049,257,528392,3232,512,618,1
growth,city,257,dijkstra,12.1217,66049,66049,1549,907789,618,512,618,1
growth,city,257,astar,14.9983,64022,67953,10603,1251853,618,512,618,1
growth,city,513,bfs,10.4643,263169,263169,513,2105352,6464,1024,1130,1
growth,city,513,dijkstra,53.6997,263169,263169,3093,3519501,1130,1024,1130,1
growth,city,513,astar,114.8863,257702,272673,43051,4994061,1130,1024,1130,1
growth,city,1025,bfs,62.434,1050625,1050625,1025,8405000,12928,2048,2154,1
growth,city,1025,dijkstra,249.3723,1050625,1050625,6185,13854733,2154,2048,2154,1
growth,city,1025,astar,662.4873,1034822,1092993,173611,19949581,2154,2048,2154,1
growth,city,2049,bfs,366.0173,4198401,4198401,2049,33587208,25856,4096,4202,1
growth,city,2049,dijkstra,1306.3377,4198401,4198401,12425,54972429,4202,4096,4202,1
growth,city,2049,astar,4108.2687,4148102,4377153,697387,79745037,4202,4096,4202,1
